{
  "name": "my-custom-sheet",
  "title": "My Custom Sheet",
  "description": "Una scheda personaggio D&D 5e personalizzata.",
  "author": "xPeppesrx",
  "version": "1.0.0",
  "minimumCoreVersion": "12",
  "compatibleCoreVersion": "12",
  "scripts": [
    "scripts/module.js"
  ],
  "styles": [],
  "packs": [],
  "relationships": {
    "systems": [
      {
        "id": "dnd5e",
        "type": "system",
        "compatibility": {
          "minimum": "2.4.1",
          "maximum": "5"
        }
      }
    ]
  },
  "manifest": "https://raw.githubusercontent.com/xPeppesrx/MyCustomSheet/refs/heads/main/module.json?token=GHSAT0AAAAAADBDGQNHICTIRAK5VFIAHLPYZ7CRJ4Q",
  "download": "https://github.com/xPeppesrx/MyCustomSheet/blob/main/my-custom-sheet.zip"
}
